Cell_Ids,Vector_size,OR_count_per_cell_zfpkm,Fire_score,Cell_type,Molecular_subtype,Pathological_stage,MBases,MBytes,Immunohistochemistry,patient_id,patient_age,Platform,source_name,read_count,base_count,Seurat_cluster,Mean_OR_TPM,OR_count_TPM_cutoff_2,OR_count_TPM_cutoff_4,OR_count_TPM_cutoff_5,OR_count_TPM_cutoff_6,OR_count_TPM_cutoff_10,OR_count_TPM_cutoff_15,OR_count_TPM_cutoff_20,Cell_staus,State,Stemness,Differentiation
SRR2973353,0.9870385528,43,1015.961304,primary breast cancer,Luminal B,pT2N1 (IIB),1118,692,double positive (ER+ and HER2+),BC03,72,ILLUMINA,BC03_Single-cell RNA-seq,5590534,1118106800,5,1.499488811,14,7,3,2,1,0,0,Stemness,High_Stemness,0.0644974913581859,-0.172368168478903
SRR2973354,0.5732423535,35,1014.356079,primary breast cancer,Luminal B,pT2N1 (IIB),1218,754,double positive (ER+ and HER2+),BC03,72,ILLUMINA,BC03_Single-cell RNA-seq,6091162,1218232400,5,2.492820434,16,11,8,5,2,1,1,Stemness,Moderate_Stemness,0.158643369660093,0.04521751753516
SRR2973355,1.319620984,35,1015.713257,primary breast cancer,Luminal B,pT2N1 (IIB),1355,835,double positive (ER+ and HER2+),BC03,72,ILLUMINA,BC03_Single-cell RNA-seq,6775474,1355094800,5,2.428486396,23,7,5,5,2,1,1,Stemness,High_Stemness,0.0296238417891154,-0.318768314894733
SRR2973356,0.5937686615,46,950.8405151,primary breast cancer,Luminal B,pT2N1 (IIB),1205,755,double positive (ER+ and HER2+),BC03,72,ILLUMINA,BC03_Single-cell RNA-seq,6027532,1205506400,5,1.804037717,11,7,4,4,2,1,1,Differentiation,Moderate_Differentiation,-0.206666338201897,-0.0246806579010987
SRR2973357,1.002679479,37,1006.530579,primary breast cancer,Luminal B,pT2N1 (IIB),1321,817,double positive (ER+ and HER2+),BC03,72,ILLUMINA,BC03_Single-cell RNA-seq,6608811,1321762200,5,2.086639472,15,6,6,6,3,2,0,Stemness,Moderate_Stemness,-0.0280681864229101,-0.133373872630866
SRR2973358,1.083123286,44,964.6513062,primary breast cancer,Luminal B,pT2N1 (IIB),1321,818,double positive (ER+ and HER2+),BC03,72,ILLUMINA,BC03_Single-cell RNA-seq,6606067,1321213400,5,1.716280906,13,8,6,5,1,0,0,Stemness,High_Stemness,0.0410957479747288,-0.213337824199223
SRR2973360,0.6988887063,33,1023.404358,primary breast cancer,Luminal B,pT2N1 (IIB),1081,669,double positive (ER+ and HER2+),BC03,72,ILLUMINA,BC03_Single-cell RNA-seq,5405084,1081016800,5,1.709835528,11,5,3,3,1,1,0,Stemness,Low_Stemness,0.00733173546866606,0.00967833127583592
SRR2973361,0.7890053668,49,983.8604126,primary breast cancer,Luminal B,pT2N1 (IIB),1466,905,double positive (ER+ and HER2+),BC03,72,ILLUMINA,BC03_Single-cell RNA-seq,7331011,1466202200,5,3.144440943,17,9,7,5,3,2,2,Stemness,Low_Stemness,0.0823943038546925,0.10932621534412
SRR2973365,1.167447301,32,972.581543,primary breast cancer,Luminal B,pT2N1 (IIB),1223,759,double positive (ER+ and HER2+),BC03,72,ILLUMINA,BC03_Single-cell RNA-seq,6117445,1223489000,5,1.074790509,8,4,2,1,0,0,0,Stemness,Moderate_Stemness,-0.181324791817206,-0.25638457978965
SRR2973366,1.637839721,47,1008.144836,primary breast cancer,Luminal B,pT2N1 (IIB),1293,801,double positive (ER+ and HER2+),BC03,72,ILLUMINA,BC03_Single-cell RNA-seq,6466998,1293399600,5,1.613692962,12,6,5,4,2,1,0,Stemness,Moderate_Stemness,-0.206990479437224,-0.293597111663685
SRR2973367,1.887060505,49,978.7428589,primary breast cancer,Luminal B,pT2N1 (IIB),1069,661,double positive (ER+ and HER2+),BC03,72,ILLUMINA,BC03_Single-cell RNA-seq,5346176,1069235200,5,1.456955962,10,6,3,3,2,0,0,Stemness,High_Stemness,0.0718416750407933,-0.267919842200673
SRR2973368,0.8892111365,38,913.1253662,primary breast cancer,Luminal B,pT2N1 (IIB),996,617,double positive (ER+ and HER2+),BC03,72,ILLUMINA,BC03_Single-cell RNA-seq,4981236,996247200,5,2.626167094,12,6,3,3,3,2,2,Stemness,High_Stemness,-0.134268481427525,-0.293917865530325
SRR2973369,0.4680761118,35,1047.094727,primary breast cancer,Luminal B,pT2N1 (IIB),1266,780,double positive (ER+ and HER2+),BC03,72,ILLUMINA,BC03_Single-cell RNA-seq,6333007,1266601400,5,2.565140472,12,5,4,3,3,3,2,Stemness,High_Stemness,-0.0566703047113264,-0.224702707549102
SRR2973386,0.2275102396,32,1009.315063,metastatic breast cancer,Luminal B,pT2N1 (IIB),1122,678,double positive (ER+ and HER2+),BC03LN,72,ILLUMINA,BC03LN_Single-cell RNA-seq,5614506,1122901200,5,4.510654057,15,7,7,6,3,3,2,Stemness,High_Stemness,0.123079849881056,-0.0605047871285439
SRR2973393,0.3729751571,53,1037.276611,metastatic breast cancer,Luminal B,pT2N1 (IIB),1232,747,double positive (ER+ and HER2+),BC03LN,72,ILLUMINA,BC03LN_Single-cell RNA-seq,6160957,1232191400,5,2.934183396,20,11,10,8,4,0,0,Stemness,Low_Stemness,-0.0142166141401577,-0.0233862169476406
SRR2973396,0.3718529057,40,992.4061279,metastatic breast cancer,Luminal B,pT2N1 (IIB),1045,628,double positive (ER+ and HER2+),BC03LN,72,ILLUMINA,BC03LN_Single-cell RNA-seq,5225913,1045182600,5,1.577054887,8,3,2,2,1,1,1,Differentiation,High_Differentiation,-0.143778967093989,-0.0730430306598004
SRR2973397,0.2784889317,45,1049.015869,metastatic breast cancer,Luminal B,pT2N1 (IIB),1108,677,double positive (ER+ and HER2+),BC03LN,72,ILLUMINA,BC03LN_Single-cell RNA-seq,5543166,1108633200,5,2.362324208,16,10,8,6,3,1,1,Differentiation,High_Differentiation,-0.0743914941717681,0.0141511078163293
SRR2973400,0.3121976248,20,1039.348755,metastatic breast cancer,Luminal B,pT2N1 (IIB),1236,746,double positive (ER+ and HER2+),BC03LN,72,ILLUMINA,BC03LN_Single-cell RNA-seq,6182847,1236569400,5,0.7240780377,4,2,2,2,0,0,0,Differentiation,High_Differentiation,-0.199981605626327,-0.0879055914339232
SRR2973404,0.5198565602,49,988.9614868,metastatic breast cancer,Luminal B,pT2N1 (IIB),937,565,double positive (ER+ and HER2+),BC03LN,72,ILLUMINA,BC03LN_Single-cell RNA-seq,4688920,937784000,5,2.254790132,15,7,5,5,3,2,1,Stemness,Low_Stemness,-0.0889862550888339,-0.0399143871420842
SRR2973409,0.9257836433,50,1051.574585,metastatic breast cancer,Luminal B,pT2N1 (IIB),1032,621,double positive (ER+ and HER2+),BC03LN,72,ILLUMINA,BC03LN_Single-cell RNA-seq,5164818,1032963600,5,2.010536887,18,10,8,5,1,0,0,Stemness,High_Stemness,0.0674099182798799,-0.0945716338419916
SRR2973416,0.0908258748,49,1006.475891,metastatic breast cancer,Luminal B,pT2N1 (IIB),1117,671,double positive (ER+ and HER2+),BC03LN,72,ILLUMINA,BC03LN_Single-cell RNA-seq,5586725,1117345000,5,2.179433264,20,9,8,5,1,0,0,Differentiation,Moderate_Differentiation,-0.0364240576521794,0.0904986717605988
SRR2973417,0.0873796286,1,960.2872314,metastatic breast cancer,Luminal B,pT2N1 (IIB),1384,835,double positive (ER+ and HER2+),BC03LN,72,ILLUMINA,BC03LN_Single-cell RNA-seq,6923811,1384762200,5,0.2441019245,1,1,1,1,0,0,0,Differentiation,High_Differentiation,-0.131010406413864,-0.012575898874404
SRR2973433,0.5295332432,49,1012.382385,metastatic breast cancer,Luminal B,pT2N1 (IIB),1581,952,double positive (ER+ and HER2+),BC03LN,72,ILLUMINA,BC03LN_Single-cell RNA-seq,7909999,1581999800,5,2.638648623,13,11,11,10,5,1,0,Stemness,High_Stemness,-0.123728420923428,-0.280644803336657
